-- Cria o banco de dados se não existir
create database if not exists Hospital_BD;

-- Usa o banco de dados Hospital_BD
USE Hospital_BD;

-- Exclui tabelas se existirem
DROP TABLE IF EXISTS Visita, Internacao, Consulta, Agendamento , Funcionario_Recepcao, Atendimento, Unidade_Internacao, Medico, Paciente;


-- Tabela Paciente
CREATE TABLE Paciente (
    paciente_id INT PRIMARY KEY AUTO_INCREMENT,
    nome VARCHAR(100),
    cpf VARCHAR(14) UNIQUE,
    data_nascimento DATE,
    sexo ENUM('M', 'F', 'Outro'),
    telefone VARCHAR(20),
    endereco VARCHAR(255),
    convenio VARCHAR(100)
);

-- Tabela Medico
CREATE TABLE Medico (
    medico_id INT PRIMARY KEY AUTO_INCREMENT,
    nome VARCHAR(100),
    especialidade VARCHAR(100)
);

CREATE TABLE Unidade_Internacao (
    unidade_id INT PRIMARY KEY AUTO_INCREMENT,
    nome_unidade VARCHAR(100)
);


-- Tabela Atendimento
CREATE TABLE Atendimento (
    atendimento_id INT PRIMARY KEY AUTO_INCREMENT,
    paciente_id INT,
    data DATETIME,
    motivo VARCHAR(255),
    FOREIGN KEY (paciente_id) REFERENCES Paciente(paciente_id)
);

-- Tabela Funcionario de Recepção
CREATE TABLE Funcionario_Recepcao (
    funcionario_id INT PRIMARY KEY AUTO_INCREMENT,
    atendimento_id INT,
    nome VARCHAR(100),
    cargo VARCHAR(50),
    cpf VARCHAR(14) UNIQUE,
    telefone VARCHAR(20),
    FOREIGN KEY (atendimento_id) REFERENCES Atendimento(atendimento_id)
);

-- Tabela Agendamento
CREATE TABLE Agendamento (
    agendamento_id INT PRIMARY KEY AUTO_INCREMENT,
    funcionario_id INT,
    paciente_id INT,
    data_agendamento DATETIME,
    tipo_consulta VARCHAR(100),
    status VARCHAR(50),
    FOREIGN KEY (funcionario_id) REFERENCES Funcionario_Recepcao(funcionario_id),
    FOREIGN KEY (paciente_id) REFERENCES Paciente(paciente_id)
);

-- Tabela Consulta
CREATE TABLE Consulta (
    consulta_id INT PRIMARY KEY AUTO_INCREMENT,
    medico_id INT,
    paciente_id INT,
    data DATETIME,
    diagnostico TEXT,
    FOREIGN KEY (medico_id) REFERENCES Medico(medico_id),
    FOREIGN KEY (paciente_id) REFERENCES Paciente(paciente_id)
);

-- Tabela Internação
CREATE TABLE Internacao (
    internacao_id INT PRIMARY KEY AUTO_INCREMENT,
    paciente_id INT,
    unidade_id INT,
    medico_id INT,
    motivo_internacao VARCHAR(255),
    data_admissao DATE,
    data_saida DATE,
    FOREIGN KEY (paciente_id) REFERENCES Paciente(paciente_id),
    FOREIGN KEY (unidade_id) REFERENCES Unidade_Internacao(unidade_id),
    FOREIGN KEY (medico_id) REFERENCES Medico(medico_id)
);

-- Tabela Visita
CREATE TABLE Visita (
    visita_id INT PRIMARY KEY AUTO_INCREMENT,
    paciente_id INT,
    data_visita DATE,
    nome_visitante VARCHAR(100),
    relacionamento_visitante VARCHAR(50),
    FOREIGN KEY (paciente_id) REFERENCES Paciente(paciente_id)
);

INSERT INTO funcionario_recepcao (funcionario_id, nome, telefone) VALUES
(1, 'vAna Costa', '11988880001'),
(2, 'vCarlos Lima', '11988880002'),
(3, 'vMariana Alves', '11988880003'),
(4, 'vPedro Souza', '11988880004'),
(5, 'vFernanda Melo', '11988880005'),
(6, 'vLucas Rocha', '11988880006'),
(7, 'vJuliana Dias', '11988880007'),
(8, 'vEduardo Pinto', '11988880008'),
(9, 'vPatrícia Gomes', '11988880009'),
(10, 'vRicardo Silva', '11988880010'),
(11, 'vCamila Nunes', '11988880011'),
(12, 'vBruno Carvalho', '11988880012'),
(13, 'vSofia Martins', '11988880013'),
(14, 'vAndré Souza', '11988880014'),
(15, 'vLarissa Fernandes', '11988880015'),
(16, 'vMateus Lima', '11988880016'),
(17, 'vCláudia Pereira', '11988880017'),
(18, 'vJorge Costa', '11988880018'),
(19, 'vRenata Barbosa', '11988880019'),
(20, 'vFelipe Almeida', '11988880020'),
(21, 'vIsabela Dias', '11988880021'),
(22, 'vMarcelo Rocha', '11988880022'),
(23, 'vAline Carvalho', '11988880023'),
(24, 'vDiego Gomes', '11988880024'),
(25, 'vJuliana Nunes', '11988880025'),
(26, 'vPaulo Lima', '11988880026'),
(27, 'vMarisa Silva', '11988880027'),
(28, 'vRafael Oliveira', '11988880028'),
(29, 'vPatrícia Santos', '11988880029'),
(30, 'vThiago Fernandes', '11988880030'),
(31, 'vDaniela Pereira', '11988880031'),
(32, 'vGustavo Costa', '11988880032'),
(33, 'vBianca Martins', '11988880033'),
(34, 'vRenato Almeida', '11988880034'),
(35, 'vLívia Barros', '11988880035'),
(36, 'vRoberto Souza', '11988880036'),
(37, 'vVivian Silva', '11988880037'),
(38, 'vJúlio Lima', '11988880038'),
(39, 'vElaine Santos', '11988880039'),
(40, 'vFábio Oliveira', '11988880040'),
(41, 'vAmanda Fernandes', '11988880041'),
(42, 'vLeandro Pereira', '11988880042'),
(43, 'vCamila Costa', '11988880043'),
(44, 'vFernando Rocha', '11988880044'),
(45, 'vJuliana Gomes', '11988880045'),
(46, 'vRicardo Martins', '11988880046'),
(47, 'vSabrina Almeida', '11988880047'),
(48, 'vCarlos Barros', '11988880048'),
(49, 'vPatrícia Nunes', '11988880049'),
(50, 'vAndré Souza', '11988880050');

INSERT INTO Paciente (nome, data_nascimento, sexo, telefone) VALUES
('vAna Silva', '1980-04-15', 'F', '11999990001'),
('vCarlos Souza', '1975-07-20', 'M', '11999990002'),
('vMariana Santos', '1990-09-10', 'F', '11999990003'),
('vPedro Oliveira', '1985-03-05', 'M', '11999990004'),
('vFernanda Costa', '1992-12-22', 'F', '11999990005'),
('vLucas Pereira', '1988-06-18', 'M', '11999990006'),
('vJuliana Almeida', '1983-08-30', 'F', '11999990007'),
('vEduardo Souza', '1979-11-11', 'M', '11999990008'),
('vPatrícia Lima', '1995-02-14', 'F', '11999990009'),
('vRicardo Barbosa', '1982-01-09', 'M', '11999990010'),
('vCamila Dias', '1987-04-21', 'F', '11999990011'),
('vBruno Martins', '1976-10-17', 'M', '11999990012'),
('vSofia Rocha', '1991-07-02', 'F', '11999990013'),
('vAndré Gomes', '1984-05-13', 'M', '11999990014'),
('vLarissa Alves', '1993-11-26', 'F', '11999990015'),
('vMateus Ferreira', '1989-08-19', 'M', '11999990016'),
('vCláudia Ribeiro', '1981-03-29', 'F', '11999990017'),
('vJorge Lima', '1978-09-07', 'M', '11999990018'),
('vRenata Cardoso', '1994-12-03', 'F', '11999990019'),
('vFelipe Nunes', '1986-01-28', 'M', '11999990020'),
('vIsabela Santana', '1990-06-15', 'F', '11999990021'),
('vMarcelo Souza', '1977-05-22', 'M', '11999990022'),
('vAline Costa', '1985-02-02', 'F', '11999990023'),
('vDiego Fernandes', '1983-10-30', 'M', '11999990024'),
('vJuliana Ramos', '1991-04-16', 'F', '11999990025'),
('vPaulo Mendes', '1988-07-09', 'M', '11999990026'),
('vMarisa Lopes', '1980-11-05', 'F', '11999990027'),
('vRafael Silva', '1979-03-23', 'M', '11999990028'),
('vPatrícia Oliveira', '1992-08-12', 'F', '11999990029'),
('vThiago Gomes', '1984-09-25', 'M', '11999990030'),
('vDaniela Souza', '1990-01-14', 'F', '11999990031'),
('vGustavo Carvalho', '1976-04-17', 'M', '11999990032'),
('vBianca Pereira', '1987-12-29', 'F', '11999990033'),
('vRenato Santos', '1981-06-04', 'M', '11999990034'),
('vLívia Barbosa', '1993-10-21', 'F', '11999990035'),
('vRoberto Lima', '1985-07-07', 'M', '11999990036'),
('vVivian Almeida', '1979-02-16', 'F', '11999990037'),
('vJúlio Marques', '1983-11-19', 'M', '11999990038'),
('vElaine Costa', '1991-05-26', 'F', '11999990039'),
('vFábio Nunes', '1986-10-31', 'M', '11999990040'),
('vAmanda Dias', '1989-01-01', 'F', '11999990041'),
('vLeandro Martins', '1978-04-10', 'M', '11999990042'),
('vCamila Rocha', '1982-07-15', 'F', '11999990043'),
('vFernando Gomes', '1984-08-20', 'M', '11999990044'),
('vJuliana Alves', '1993-09-11', 'F', '11999990045'),
('vRicardo Ferreira', '1987-03-04', 'M', '11999990046'),
('vSabrina Ribeiro', '1981-06-23', 'F', '11999990047'),
('vCarlos Lima', '1977-12-30', 'M', '11999990048'),
('vPatrícia Cardoso', '1990-08-14', 'F', '11999990049'),
('vAndré Nunes', '1985-11-27', 'M', '11999990050');


INSERT INTO Medico (nome, especialidade) VALUES
('vDr. Anthony Pires', 'vCardiologia'),
('vDra. Bárbara Souza', 'vDermatologia'),
('vDr. Caio Oliveira', 'vCirurgia Geral'),
('vDra. Calebe Duarte', 'vNeurologia'),
('vDra. Carla Melo', 'vGinecologia'),
('vDr. Cauã Viana', 'vOrtopedia'),
('vDra. Camila Lopes', 'vPsiquiatria'),
('vDr. Daniel Castro', 'vClínica Geral'),
('vDra. Daniela Ribeiro', 'vPneumologia'),
('vDr. Eduardo Santos', 'vPediatria'),
('vDra. Fernanda Alves', 'vCardiologia'),
('vDr. Felipe Moreira', 'vDermatologia'),
('vDra. Flávia Cunha', 'vCirurgia Geral'),
('vDr. Gustavo Lima', 'vNeurologia'),
('vDra. Helena Campos', 'vGinecologia'),
('vDr. Henrique Barros', 'vOrtopedia'),
('vDra. Isabela Pinto', 'vPsiquiatria'),
('vDr. João Machado', 'vClínica Geral'),
('vDra. Juliana Rodrigues', 'vPneumologia'),
('vDr. Leonardo Ferreira', 'vPediatria'),
('vDra. Luana Mendes', 'vCardiologia'),
('vDr. Marcelo Nunes', 'vDermatologia'),
('vDra. Mariana Silva', 'vCirurgia Geral'),
('vDr. Matheus Carvalho', 'vNeurologia'),
('vDra. Natália Souza', 'vGinecologia'),
('vDr. Otávio Ribeiro', 'vOrtopedia'),
('vDra. Patrícia Barbosa', 'vPsiquiatria'),
('vDr. Rafael Dias', 'vClínica Geral'),
('vDra. Renata Martins', 'vPneumologia'),
('vDr. Rodrigo Alves', 'vPediatria'),
('vDra. Sabrina Rocha', 'vCardiologia'),
('vDr. Samuel Costa', 'vDermatologia'),
('vDra. Sandra Oliveira', 'vCirurgia Geral'),
('vDr. Sérgio Fernandes', 'vNeurologia'),
('vDra. Talita Gomes', 'vGinecologia'),
('vDr. Thiago Lima', 'vOrtopedia'),
('vDra. Vanessa Santos', 'vPsiquiatria'),
('vDr. Vitor Souza', 'vClínica Geral'),
('vDra. Yasmin Pereira', 'vPneumologia'),
('vDr. Yuri Almeida', 'vPediatria'),
('vDra. Alice Ferreira', 'vCardiologia'),
('vDr. Bruno Rocha', 'vDermatologia'),
('vDra. Carla Martins', 'vCirurgia Geral'),
('vDr. Daniel Santos', 'vNeurologia'),
('vDra. Elisa Costa', 'vGinecologia'),
('vDr. Felipe Barros', 'vOrtopedia'),
('vDra. Gabriela Ribeiro', 'vPsiquiatria'),
('vDr. Henrique Silva', 'vClínica Geral'),
('vDra. Isabella Mendes', 'vPneumologia'),
('vDr. João Pereira', 'vPediatria');


INSERT INTO Unidade_Internacao (nome_unidade) VALUES
('vUnidade Centro'),
('vUnidade Norte'),
('vUnidade Sul'),
('vUnidade Leste'),
('vUnidade Oeste'),
('vUnidade Vila Nova'),
('vUnidade Jardim'),
('vUnidade Industrial'),
('vUnidade Jardim Europa'),
('vUnidade Centro Médico'),
('vUnidade Barra'),
('vUnidade Mooca'),
('vUnidade Pinheiros'),
('vUnidade Itaim'),
('vUnidade Tatuapé'),
('vUnidade Santana'),
('vUnidade Campo Limpo'),
('vUnidade Butantã'),
('vUnidade Vila Mariana'),
('vUnidade Lapa'),
('vUnidade Perdizes'),
('vUnidade Ipiranga'),
('vUnidade Brooklin'),
('vUnidade Santo Amaro'),
('vUnidade Liberdade'),
('vUnidade Morumbi'),
('vUnidade Vila Madalena'),
('vUnidade Higienópolis'),
('vUnidade Bela Vista'),
('vUnidade Consolação'),
('vUnidade Jardim Paulista'),
('vUnidade Santa Cecília'),
('vUnidade Saúde'),
('vUnidade Vila Leopoldina'),
('vUnidade Barra Funda'),
('vUnidade Água Branca'),
('vUnidade Moema'),
('vUnidade Vila Olímpia'),
('vUnidade Chácara Klabin'),
('vUnidade Jardim São Paulo'),
('vUnidade Pacaembu'),
('vUnidade Vila Guilherme'),
('vUnidade Brás'),
('vUnidade Sé'),
('vUnidade Pinheiros Sul'),
('vUnidade Vila Mariana Norte'),
('vUnidade Freguesia'),
('vUnidade Tremembé'),
('vUnidade Jaçanã'),
('vUnidade Tucuruvi'),
('vUnidade Santana Norte');


INSERT INTO Agendamento (funcionario_id, paciente_id, data_agendamento, tipo_consulta, status) VALUES
(1, 1, '2024-06-01 08:00:00', 'vConsulta Geral', 'vConfirmado'),
(2, 2, '2024-06-02 09:30:00', 'vConsulta Cardiológica', 'vConfirmado'),
(3, 3, '2024-06-03 10:15:00', 'vConsulta Dermatológica', 'vCancelado'),
(4, 4, '2024-06-04 11:00:00', 'vConsulta Pediátrica', 'vConfirmado'),
(5, 5, '2024-06-05 13:45:00', 'vConsulta Ginecológica', 'vConfirmado'),
(6, 6, '2024-06-06 14:30:00', 'vConsulta Ortopédica', 'vPendente'),
(7, 7, '2024-06-07 15:15:00', 'vConsulta Neurológica', 'vConfirmado'),
(8, 8, '2024-06-08 08:30:00', 'vConsulta Psiquiátrica', 'vConfirmado'),
(9, 9, '2024-06-09 09:45:00', 'vConsulta Endocrinológica', 'vConfirmado'),
(10, 10, '2024-06-10 10:30:00', 'vConsulta Urológica', 'vConfirmado'),
(11, 11, '2024-06-11 11:15:00', 'vConsulta Geral', 'vConfirmado'),
(12, 12, '2024-06-12 13:00:00', 'vConsulta Cardiológica', 'vConfirmado'),
(13, 13, '2024-06-13 14:45:00', 'vConsulta Dermatológica', 'vConfirmado'),
(14, 14, '2024-06-14 15:30:00', 'vConsulta Pediátrica', 'vPendente'),
(15, 15, '2024-06-15 08:15:00', 'vConsulta Ginecológica', 'vConfirmado'),
(16, 16, '2024-06-16 09:00:00', 'vConsulta Ortopédica', 'vConfirmado'),
(17, 17, '2024-06-17 10:45:00', 'vConsulta Neurológica', 'vCancelado'),
(18, 18, '2024-06-18 11:30:00', 'vConsulta Psiquiátrica', 'vConfirmado'),
(19, 19, '2024-06-19 13:15:00', 'vConsulta Endocrinológica', 'vConfirmado'),
(20, 20, '2024-06-20 14:00:00', 'vConsulta Urológica', 'vConfirmado'),
(21, 21, '2024-06-21 15:45:00', 'vConsulta Geral', 'vConfirmado'),
(22, 22, '2024-06-22 08:30:00', 'vConsulta Cardiológica', 'vConfirmado'),
(23, 23, '2024-06-23 09:15:00', 'vConsulta Dermatológica', 'vPendente'),
(24, 24, '2024-06-24 10:00:00', 'vConsulta Pediátrica', 'vConfirmado'),
(25, 25, '2024-06-25 11:45:00', 'vConsulta Ginecológica', 'vConfirmado'),
(26, 26, '2024-06-26 13:30:00', 'vConsulta Ortopédica', 'vConfirmado'),
(27, 27, '2024-06-27 14:15:00', 'vConsulta Neurológica', 'vCancelado'),
(28, 28, '2024-06-28 15:00:00', 'vConsulta Psiquiátrica', 'vConfirmado'),
(29, 29, '2024-06-29 08:45:00', 'vConsulta Endocrinológica', 'vConfirmado'),
(30, 30, '2024-06-30 09:30:00', 'vConsulta Urológica', 'vConfirmado'),
(31, 31, '2024-07-01 10:15:00', 'vConsulta Geral', 'vConfirmado'),
(32, 32, '2024-07-02 11:00:00', 'vConsulta Cardiológica', 'vConfirmado'),
(33, 33, '2024-07-03 13:45:00', 'vConsulta Dermatológica', 'vPendente'),
(34, 34, '2024-07-04 14:30:00', 'vConsulta Pediátrica', 'vConfirmado'),
(35, 35, '2024-07-05 15:15:00', 'vConsulta Ginecológica', 'vConfirmado'),
(36, 36, '2024-07-06 08:00:00', 'vConsulta Ortopédica', 'vConfirmado'),
(37, 37, '2024-07-07 08:45:00', 'vConsulta Neurológica', 'vCancelado'),
(38, 38, '2024-07-08 09:30:00', 'vConsulta Psiquiátrica', 'vConfirmado'),
(39, 39, '2024-07-09 10:15:00', 'vConsulta Endocrinológica', 'vConfirmado'),
(40, 40, '2024-07-10 11:00:00', 'vConsulta Urológica', 'vConfirmado'),
(41, 41, '2024-07-11 13:45:00', 'vConsulta Geral', 'vConfirmado'),
(42, 42, '2024-07-12 14:30:00', 'vConsulta Cardiológica', 'vConfirmado'),
(43, 43, '2024-07-13 15:15:00', 'vConsulta Dermatológica', 'vPendente'),
(44, 44, '2024-07-14 08:00:00', 'vConsulta Pediátrica', 'vConfirmado'),
(45, 45, '2024-07-15 08:45:00', 'vConsulta Ginecológica', 'vConfirmado'),
(46, 46, '2024-07-16 09:30:00', 'vConsulta Ortopédica', 'vConfirmado'),
(47, 47, '2024-07-17 10:15:00', 'vConsulta Neurológica', 'vCancelado'),
(48, 48, '2024-07-18 11:00:00', 'vConsulta Psiquiátrica', 'vConfirmado'),
(49, 49, '2024-07-19 13:45:00', 'vConsulta Endocrinológica', 'vConfirmado'),
(50, 50, '2024-07-20 14:30:00', 'vConsulta Urológica', 'vConfirmado');

INSERT INTO Consulta (medico_id, paciente_id, data, diagnostico) VALUES
(1, 1, '2024-06-01 08:30:00', 'vHipertensão controlada, recomenda acompanhamento.'),
(2, 2, '2024-06-02 09:45:00', 'vDermatite atópica leve, prescrição de pomada.'),
(3, 3, '2024-06-03 10:30:00', 'vRecuperação pós-operatória sem complicações.'),
(4, 4, '2024-06-04 11:15:00', 'vRinite alérgica diagnosticada, recomendado antialérgico.'),
(5, 5, '2024-06-05 14:00:00', 'vPré-natal normal, próximo exame em 30 dias.'),
(6, 6, '2024-06-06 14:45:00', 'vDor lombar crônica, fisioterapia recomendada.'),
(7, 7, '2024-06-07 15:30:00', 'vAnsiedade leve, iniciado tratamento psicoterápico.'),
(8, 8, '2024-06-08 09:00:00', 'vExame físico normal, sem alterações.'),
(9, 9, '2024-06-09 10:15:00', 'vAsma controlada, manter medicação.'),
(10, 10, '2024-06-10 11:00:00', 'vResfriado comum, prescrição de descongestionante.'),
(11, 11, '2024-06-11 11:30:00', 'vInfecção viral, repouso indicado.'),
(12, 12, '2024-06-12 13:15:00', 'vAngina estável, ajuste medicamentoso.'),
(13, 13, '2024-06-13 15:00:00', 'vExame preventivo normal.'),
(14, 14, '2024-06-14 15:45:00', 'vEnxaqueca diagnosticada, indicado analgésico.'),
(15, 15, '2024-06-15 08:45:00', 'vDiabetes tipo 2 controlado.'),
(16, 16, '2024-06-16 09:30:00', 'vAvaliação de hipertensão.'),
(17, 17, '2024-06-17 11:15:00', 'vLesão muscular no ombro, fisioterapia indicada.'),
(18, 18, '2024-06-18 12:00:00', 'vTendinite no joelho, repouso recomendado.'),
(19, 19, '2024-06-19 13:45:00', 'vInfecção urinária, antibiótico prescrito.'),
(20, 20, '2024-06-20 14:30:00', 'vMiopia leve, óculos prescritos.'),
(21, 21, '2024-06-21 15:15:00', 'vGripe, cuidados e repouso indicados.'),
(22, 22, '2024-06-22 08:45:00', 'vTranstorno depressivo leve.'),
(23, 23, '2024-06-23 09:30:00', 'vArritmia cardíaca, encaminhado para cardiologista.'),
(24, 24, '2024-06-24 10:15:00', 'vHipertensão arterial, controle medicamentoso.'),
(25, 25, '2024-06-25 11:00:00', 'vExame laboratorial dentro dos padrões.'),
(26, 26, '2024-06-26 13:45:00', 'vGastrite diagnosticada, dieta recomendada.'),
(27, 27, '2024-06-27 14:30:00', 'vDor abdominal sem complicações.'),
(28, 28, '2024-06-28 15:15:00', 'vDores nas costas, fisioterapia iniciada.'),
(29, 29, '2024-06-29 08:00:00', 'vEpilepsia controlada com medicação.'),
(30, 30, '2024-06-30 08:45:00', 'vRotina pediátrica, crescimento normal.'),
(31, 31, '2024-07-01 09:30:00', 'vAlergia leve, antihistamínicos prescritos.'),
(32, 32, '2024-07-02 10:15:00', 'vCâncer em remissão, acompanhamento contínuo.'),
(33, 33, '2024-07-03 11:00:00', 'vDermatite controlada.'),
(34, 34, '2024-07-04 13:45:00', 'vTranstorno de ansiedade, terapia recomendada.'),
(35, 35, '2024-07-05 14:30:00', 'vFaringite, antibiótico prescrito.'),
(36, 36, '2024-07-06 15:15:00', 'vDiabetes em controle.'),
(37, 37, '2024-07-07 08:00:00', 'vDislipidemia, mudança na dieta.'),
(38, 38, '2024-07-08 08:45:00', 'vReumatismo controlado.'),
(39, 39, '2024-07-09 09:30:00', 'vAvaliação nutricional, dieta balanceada.'),
(40, 40, '2024-07-10 10:15:00', 'vBronquite crônica, medicação ajustada.'),
(41, 41, '2024-07-11 11:00:00', 'vInfecção respiratória, tratamento iniciado.'),
(42, 42, '2024-07-12 13:45:00', 'vCistite, antibiótico prescrito.'),
(43, 43, '2024-07-13 14:30:00', 'vExame cardíaco normal.'),
(44, 44, '2024-07-14 15:15:00', 'vDor crônica controlada com medicação.'),
(45, 45, '2024-07-15 08:00:00', 'vPós-operatório estável.'),
(46, 46, '2024-07-16 08:45:00', 'vAjuste de medicação para hipertensão.'),
(47, 47, '2024-07-17 09:30:00', 'vTranstorno depressivo, acompanhamento psicológico.'),
(48, 48, '2024-07-18 10:15:00', 'vExames laboratoriais normais.'),
(49, 49, '2024-07-19 11:00:00', 'vHipertensão arterial, recomendações para dieta.'),
(50, 50, '2024-07-20 13:45:00', 'vRetorno pós-consulta, melhora dos sintomas.');

INSERT INTO Visita (paciente_id, data_visita, nome_visitante, relacionamento_visitante) VALUES
(1, '2024-05-01', 'vJoana Almeida', 'vEsposa'),
(2, '2024-05-02', 'vCarlos Silva', 'vPai'),
(3, '2024-05-03', 'vMariana Santos', 'vMãe'),
(4, '2024-05-04', 'vPedro Oliveira', 'vIrmão'),
(5, '2024-05-05', 'vAna Costa', 'vFilha'),
(6, '2024-05-06', 'vLucas Pereira', 'vAmigo'),
(7, '2024-05-07', 'vFernanda Rodrigues', 'vEsposa'),
(8, '2024-05-08', 'vEduardo Souza', 'vTio'),
(9, '2024-05-09', 'vPatrícia Lima', 'vPrima'),
(10, '2024-05-10', 'vRicardo Barbosa', 'vAmigo'),
(11, '2024-05-11', 'vCamila Dias', 'vEsposa'),
(12, '2024-05-12', 'vBruno Martins', 'vPai'),
(13, '2024-05-13', 'vSofia Rocha', 'vMãe'),
(14, '2024-05-14', 'vAndré Gomes', 'vIrmão'),
(15, '2024-05-15', 'vLarissa Alves', 'vFilha'),
(16, '2024-05-16', 'vMateus Ferreira', 'vAmigo'),
(17, '2024-05-17', 'vCláudia Ribeiro', 'vEsposa'),
(18, '2024-05-18', 'vJorge Lima', 'vTio'),
(19, '2024-05-19', 'vRenata Cardoso', 'vPrima'),
(20, '2024-05-20', 'vFelipe Nunes', 'vAmigo'),
(21, '2024-05-21', 'vIsabela Santana', 'vEsposa'),
(22, '2024-05-22', 'vMarcelo Souza', 'vPai'),
(23, '2024-05-23', 'vAline Costa', 'vMãe'),
(24, '2024-05-24', 'vDiego Fernandes', 'vIrmão'),
(25, '2024-05-25', 'vJuliana Ramos', 'vFilha'),
(26, '2024-05-26', 'vPaulo Mendes', 'vAmigo'),
(27, '2024-05-27', 'vMarisa Lopes', 'vEsposa'),
(28, '2024-05-28', 'vRafael Silva', 'vTio'),
(29, '2024-05-29', 'vPatrícia Oliveira', 'vPrima'),
(30, '2024-05-30', 'vThiago Gomes', 'vAmigo'),
(31, '2024-05-31', 'vDaniela Souza', 'vEsposa'),
(32, '2024-06-01', 'vGustavo Carvalho', 'vPai'),
(33, '2024-06-02', 'vBianca Pereira', 'vMãe'),
(34, '2024-06-03', 'vRenato Santos', 'vIrmão'),
(35, '2024-06-04', 'vLívia Barbosa', 'vFilha'),
(36, '2024-06-05', 'vRoberto Lima', 'vAmigo'),
(37, '2024-06-06', 'vVivian Almeida', 'vEsposa'),
(38, '2024-06-07', 'vJúlio Marques', 'vTio'),
(39, '2024-06-08', 'vElaine Costa', 'vPrima'),
(40, '2024-06-09', 'vFábio Nunes', 'vAmigo'),
(41, '2024-06-10', 'vAmanda Dias', 'vEsposa'),
(42, '2024-06-11', 'vLeandro Martins', 'vPai'),
(43, '2024-06-12', 'vCamila Rocha', 'vMãe'),
(44, '2024-06-13', 'vFernando Gomes', 'vIrmão'),
(45, '2024-06-14', 'vJuliana Alves', 'vFilha'),
(46, '2024-06-15', 'vRicardo Ferreira', 'vAmigo'),
(47, '2024-06-16', 'vSabrina Ribeiro', 'vEsposa'),
(48, '2024-06-17', 'vCarlos Lima', 'vTio'),
(49, '2024-06-18', 'vPatrícia Cardoso', 'vPrima'),
(50, '2024-06-19', 'vAndré Nunes', 'vAmigo');

INSERT INTO Internacao (paciente_id, unidade_id, data_admissao, data_saida,motivo_internacao) VALUES
(1, 1, '2024-04-01', '2024-04-10', 'vCirurgia cardíaca'),
(2, 2, '2024-04-05', '2024-04-12', 'vTratamento dermatológico'),
(3, 3, '2024-04-07', '2024-04-15', 'vPós-operatório de ortopedia'),
(4, 4, '2024-04-10', '2024-04-17', 'vDoença respiratória'),
(5, 5, '2024-04-12', '2024-04-20', 'vParto normal'),
(6, 6, '2024-04-15', '2024-04-22', 'vFratura no fêmur'),
(7, 7, '2024-04-18', '2024-04-25', 'vTranstorno psiquiátrico'),
(8, 8, '2024-04-20', '2024-04-28', 'vInfecção urinária'),
(9, 9, '2024-04-22', '2024-04-30', 'vDoença neurológica'),
(10, 10, '2024-04-25', '2024-05-02', 'vAvaliação clínica'),
(11, 1, '2024-05-01', '2024-05-10', 'vCirurgia abdominal'),
(12, 2, '2024-05-04', '2024-05-11', 'vTratamento de ferida'),
(13, 3, '2024-05-07', '2024-05-15', 'vRecuperação pós-trauma'),
(14, 4, '2024-05-09', '2024-05-18', 'vInfecção respiratória'),
(15, 5, '2024-05-12', '2024-05-20', 'vParto cesárea'),
(16, 6, '2024-05-15', '2024-05-22', 'vFratura costal'),
(17, 7, '2024-05-18', '2024-05-25', 'vTranstorno mental'),
(18, 8, '2024-05-20', '2024-05-28', 'vCistite aguda'),
(19, 9, '2024-05-23', '2024-05-30', 'vAVC isquêmico'),
(20, 10, '2024-05-25', '2024-06-02', 'vAvaliação cardiológica'),
(21, 1, '2024-06-01', '2024-06-10', 'vCirurgia ortopédica'),
(22, 2, '2024-06-03', '2024-06-12', 'vTratamento dermatológico'),
(23, 3, '2024-06-05', '2024-06-14', 'vPós-operatório abdominal'),
(24, 4, '2024-06-07', '2024-06-16', 'vPneumonia'),
(25, 5, '2024-06-10', '2024-06-18', 'vParto normal'),
(26, 6, '2024-06-12', '2024-06-20', 'vFratura de braço'),
(27, 7, '2024-06-15', '2024-06-23', 'vTranstorno psiquiátrico'),
(28, 8, '2024-06-17', '2024-06-25', 'vInfecção urinária'),
(29, 9, '2024-06-20', '2024-06-28', 'vDoença neurológica'),
(30, 10, '2024-06-22', '2024-06-30', 'vAvaliação clínica'),
(31, 1, '2024-07-01', '2024-07-10', 'vCirurgia cardíaca'),
(32, 2, '2024-07-03', '2024-07-12', 'vTratamento dermatológico'),
(33, 3, '2024-07-05', '2024-07-14', 'vPós-operatório ortopédico'),
(34, 4, '2024-07-07', '2024-07-16', 'vDoença respiratória'),
(35, 5, '2024-07-10', '2024-07-18', 'vParto cesárea'),
(36, 6, '2024-07-12', '2024-07-20', 'vFratura no fêmur'),
(37, 7, '2024-07-15', '2024-07-23', 'vTranstorno psiquiátrico'),
(38, 8, '2024-07-17', '2024-07-25', 'vInfecção urinária'),
(39, 9, '2024-07-20', '2024-07-28', 'vDoença neurológica'),
(40, 10, '2024-07-22', '2024-07-30', 'vAvaliação clínica'),
(41, 1, '2024-08-01', '2024-08-10', 'vCirurgia abdominal'),
(42, 2, '2024-08-03', '2024-08-12', 'vTratamento de ferida'),
(43, 3, '2024-08-05', '2024-08-14', 'vRecuperação pós-trauma'),
(44, 4, '2024-08-07', '2024-08-16', 'vInfecção respiratória'),
(45, 5, '2024-08-10', '2024-08-18', 'vParto normal'),
(46, 6, '2024-08-12', '2024-08-20', 'vFratura costal'),
(47, 7, '2024-08-15', '2024-08-23', 'vTranstorno mental'),
(48, 8, '2024-08-17', '2024-08-25', 'vCistite aguda'),
(49, 9, '2024-08-20', '2024-08-28', 'vAVC isquêmico'),
(50, 10, '2024-08-22', '2024-08-30', 'vAvaliação cardiológica');

INSERT INTO Atendimento (paciente_id, data, motivo) VALUES
(1, '2024-06-01 08:30:00', 'vAvaliação clínica inicial'),
(2, '2024-06-02 09:45:00', 'vConsulta para tratamento dermatológico'),
(3, '2024-06-03 10:30:00', 'vReavaliação pós-operatória'),
(4, '2024-06-04 11:15:00', 'vConsulta com queixa de rinite'),
(5, '2024-06-05 14:00:00', 'vConsulta pré-natal'),
(6, '2024-06-06 14:45:00', 'vAvaliação de dor lombar'),
(7, '2024-06-07 15:30:00', 'vConsulta psiquiátrica'),
(8, '2024-06-08 09:00:00', 'vConsulta geral de rotina'),
(9, '2024-06-09 10:15:00', 'vAcompanhamento de asma'),
(10, '2024-06-10 11:00:00', 'vConsulta urológica'),
(11, '2024-06-11 11:30:00', 'vConsulta clínica geral'),
(12, '2024-06-12 13:15:00', 'vConsulta cardiológica'),
(13, '2024-06-13 15:00:00', 'vConsulta dermatológica'),
(14, '2024-06-14 15:45:00', 'vConsulta pediátrica'),
(15, '2024-06-15 08:45:00', 'vConsulta ginecológica'),
(16, '2024-06-16 09:30:00', 'vConsulta ortopédica'),
(17, '2024-06-17 11:15:00', 'vConsulta neurológica'),
(18, '2024-06-18 12:00:00', 'vConsulta psiquiátrica'),
(19, '2024-06-19 13:45:00', 'vConsulta endocrinológica'),
(20, '2024-06-20 14:30:00', 'vConsulta urológica'),
(21, '2024-06-21 15:15:00', 'vConsulta geral'),
(22, '2024-06-22 08:45:00', 'vConsulta cardiológica'),
(23, '2024-06-23 09:30:00', 'vConsulta dermatológica'),
(24, '2024-06-24 10:15:00', 'vConsulta pediátrica'),
(25, '2024-06-25 11:00:00', 'vConsulta ginecológica'),
(26, '2024-06-26 13:45:00', 'vConsulta ortopédica'),
(27, '2024-06-27 14:30:00', 'vConsulta neurológica'),
(28, '2024-06-28 15:15:00', 'vConsulta psiquiátrica'),
(29, '2024-06-29 08:00:00', 'vConsulta endocrinológica'),
(30, '2024-06-30 08:45:00', 'vConsulta pediátrica'),
(31, '2024-07-01 09:30:00', 'vConsulta geral'),
(32, '2024-07-02 10:15:00', 'vConsulta cardiológica'),
(33, '2024-07-03 11:00:00', 'vConsulta dermatológica'),
(34, '2024-07-04 13:45:00', 'vConsulta psiquiátrica'),
(35, '2024-07-05 14:30:00', 'vConsulta ginecológica'),
(36, '2024-07-06 15:15:00', 'vConsulta ortopédica'),
(37, '2024-07-07 08:00:00', 'vConsulta neurológica'),
(38, '2024-07-08 08:45:00', 'vConsulta psiquiátrica'),
(39, '2024-07-09 09:30:00', 'vConsulta endocrinológica'),
(40, '2024-07-10 10:15:00', 'vConsulta urológica'),
(41, '2024-07-11 11:00:00', 'vConsulta geral'),
(42, '2024-07-12 13:45:00', 'vConsulta cardiológica'),
(43, '2024-07-13 14:30:00', 'vConsulta dermatológica'),
(44, '2024-07-14 15:15:00', 'vConsulta pediátrica'),
(45, '2024-07-15 08:00:00', 'vConsulta ginecológica'),
(46, '2024-07-16 08:45:00', 'vConsulta ortopédica'),
(47, '2024-07-17 09:30:00', 'vConsulta neurológica'),
(48, '2024-07-18 10:15:00', 'vConsulta psiquiátrica'),
(49, '2024-07-19 11:00:00', 'vConsulta endocrinológica'),
(50, '2024-07-20 13:45:00', 'vConsulta urológica');

