-- Cria o banco de dados se não existir
create database if not exists Hospital_BD;

-- Usa o banco de dados Hospital_BD
USE Hospital_BD;

-- Exclui tabelas se existirem
DROP TABLE IF EXISTS Visita, Internacao, Unidade_Internacao, Consulta, Atendimento, Funcionario_Recepcao, Agendamento, Medico, Paciente;


-- Tabela Paciente
CREATE TABLE Paciente (
    paciente_id INT PRIMARY KEY AUTO_INCREMENT,
    nome VARCHAR(100),
    cpf VARCHAR(14) UNIQUE,
    data_nascimento DATE,
    sexo ENUM('M', 'F', 'Outro'),
    telefone VARCHAR(20),
    endereco VARCHAR(255),
    convenio VARCHAR(100)
);

-- Tabela Medico
CREATE TABLE Medico (
    medico_id INT PRIMARY KEY AUTO_INCREMENT,
    nome VARCHAR(100),
    especialidade VARCHAR(100)
);

-- Tabela Unidade de Internação
CREATE TABLE Unidade_Internacao (
    unidade_id INT PRIMARY KEY AUTO_INCREMENT,
    nome_unidade VARCHAR(100)
);

-- Tabela Atendimento
CREATE TABLE Atendimento (
    atendimento_id INT PRIMARY KEY AUTO_INCREMENT,
    paciente_id INT,
    data DATETIME,
    motivo VARCHAR(255),
    FOREIGN KEY (paciente_id) REFERENCES Paciente(paciente_id)
);

-- Tabela Funcionario de Recepção
CREATE TABLE Funcionario_Recepcao (
    funcionario_id INT PRIMARY KEY AUTO_INCREMENT,
    atendimento_id INT,
    nome VARCHAR(100),
    cargo VARCHAR(50),
    cpf VARCHAR(14) UNIQUE,
    telefone VARCHAR(20),
    FOREIGN KEY (atendimento_id) REFERENCES Atendimento(atendimento_id)
);

-- Tabela Agendamento
CREATE TABLE Agendamento (
    agendamento_id INT PRIMARY KEY AUTO_INCREMENT,
    funcionario_id INT,
    paciente_id INT,
    data_agendamento DATETIME,
    tipo_consulta VARCHAR(100),
    status VARCHAR(50),
    FOREIGN KEY (funcionario_id) REFERENCES Funcionario_Recepcao(funcionario_id),
    FOREIGN KEY (paciente_id) REFERENCES Paciente(paciente_id)
);

-- Tabela Consulta
CREATE TABLE Consulta (
    consulta_id INT PRIMARY KEY AUTO_INCREMENT,
    medico_id INT,
    paciente_id INT,
    data DATETIME,
    diagnostico TEXT,
    FOREIGN KEY (medico_id) REFERENCES Medico(medico_id),
    FOREIGN KEY (paciente_id) REFERENCES Paciente(paciente_id)
);

-- Tabela Internação
CREATE TABLE Internacao (
    internacao_id INT PRIMARY KEY AUTO_INCREMENT,
    paciente_id INT,
    unidade_id INT,
    medico_id INT,
    motivo_internacao VARCHAR(255),
    data_admissao DATE,
    data_saida DATE,
    FOREIGN KEY (paciente_id) REFERENCES Paciente(paciente_id),
    FOREIGN KEY (unidade_id) REFERENCES Unidade_Internacao(unidade_id),
    FOREIGN KEY (medico_id) REFERENCES Medico(medico_id)
);

-- Tabela Visita
CREATE TABLE Visita (
    visita_id INT PRIMARY KEY AUTO_INCREMENT,
    paciente_id INT,
    data_visita DATE,
    nome_visitante VARCHAR(100),
    relacionamento_visitante VARCHAR(50),
    FOREIGN KEY (paciente_id) REFERENCES Paciente(paciente_id)
);

INSERT INTO MedicoV (nome, especialidade) VALUES
('vDr. Carlos Almeida', 'vCardiologia'),
('vDr. Fernanda Silva', 'vDermatologia'),
('vDr. João Santos', 'vPediatria'),
('vDr. Maria Oliveira', 'vNeurologia'),
('vDr. Lucas Ferreira', 'vOrtopedia'),
('vDr. Cláudia Costa', 'vGinecologia'),
('vDr. Gabriel Souza', 'vOftalmologia'),
('vDr. Marta Silva', 'vEndocrinologia'),
('vDr. Rafael Pereira', 'vUrologia'),
('vDr. Adriana Lima', 'vPsiquiatria'),
('vDr. Patricia Oliveira', 'vOncologia'),
('vDr. Marcos Lima', 'vNefrologia'),
('vDr. Alice Barbosa', 'vInfectologia'),
('vDr. Thiago Costa', 'vGeriatria'),
('vDr. Bianca Silva', 'vCirurgia Geral'),
('vDr. Rodrigo Almeida', 'vPneumologia'),
('vDr. Amanda Santos', 'vAnestesiologia'),
('vDr. Felipe Martins', 'vReumatologia'),
('vDr. Juliana Costa', 'vHematologia'),
('vDr. Paulo Pereira', 'vCirurgia Plástica'),
('vDr. Beatriz Silva', 'vGastroenterologia'),
('vDr. Hugo Souza', 'vOtorrinolaringologia'),
('vDr. Kelly Andrade', 'vPediatria'),
('vDr. Sérgio Oliveira', 'vCardiologia'),
('vDr. Lucas Santana', 'vGinecologia'),
('vDr. Natália Silva', 'vNeurologia'),
('vDr. Eduardo Lima', 'vCirurgia Geral'),
('vDr. Simone Costa', 'vOftalmologia'),
('vDr. Mariana Pereira', 'vEndocrinologia'),
('vDr. Fernanda Almeida', 'vNefrologia'),
('vDr. José Santos', 'vOftalmologia'),
('vDr. Larissa Costa', 'vPediatria'),
('vDr. Gustavo Silva', 'vCardiologia'),
('vDr. Cláudio Barbosa', 'vAnestesiologia'),
('vDr. Alice Costa', 'vDermatologia'),
('vDr. Rui Pereira', 'vCirurgia Plástica'),
('vDr. Tânia Souza', 'vOftalmologia'),
('vDr. Jorge Oliveira', 'vOftalmologia'),
('vDr. Carina Lima', 'vPsicologia'),
('vDr. Igor Barbosa', 'vPsiquiatria'),
('vDr. Vânia Costa', 'vCirurgia Geral'),
('vDr. Fabio Pereira', 'vGeriatria'),
('vDr. Luana Santos', 'vPediatria'),
('vDr. Mauro Silva', 'vGinecologia'),
('vDr. Raquel Costa', 'vDermatologia'),
('vDr. Hugo Pereira', 'vReumatologia'),
('vDr. Daniela Lima', 'vOftalmologia');

INSERT INTO Unidade_InternacaoV (nome_unidade) VALUES
('vEnfermaria 1'),
('vEnfermaria 2'),
('vUTI Geral'),
('vEnfermaria Pediátrica'),
('vEnfermaria Neuro'),
('vEnfermaria Cardíaca'),
('vEnfermaria Oncológica'),
('vEnfermaria Ginecológica'),
('vEnfermaria Ortopédica'),
('vUTI Neonatal'),
('vEnfermaria 3'),
('vEnfermaria 4'),
('vEnfermaria 5'),
('vUTI Adulto'),
('vEnfermaria 6'),
('vEnfermaria 7'),
('vEnfermaria 8'),
('vUTI Covid-19'),
('vEnfermaria 9'),
('vEnfermaria 10'),
('vEnfermaria 11'),
('vUTI Coronariana'),
('vEnfermaria 12'),
('vEnfermaria 13'),
('vEnfermaria 14'),
('vEnfermaria 15'),
('vEnfermaria 16'),
('vEnfermaria 17'),
('vEnfermaria 18'),
('vEnfermaria 19'),
('vEnfermaria 20'),
('vEnfermaria 21'),
('vEnfermaria 22'),
('vEnfermaria 23'),
('vEnfermaria 24'),
('vEnfermaria 25'),
('vEnfermaria 26'),
('vEnfermaria 27'),
('vEnfermaria 28'),
('vEnfermaria 29'),
('vEnfermaria 30'),
('vEnfermaria 31'),
('vEnfermaria 32'),
('vEnfermaria 33'),
('vEnfermaria 34'),
('vEnfermaria 35'),
('vEnfermaria 36'),
('vEnfermaria 37'),
('vEnfermaria 38'),
('vEnfermaria 39'),
('vEnfermaria 40');

INSERT INTO Funcionario_Recepcao (atendimento_id, nome, cargo, cpf, telefone) VALUES
(1, 'vJuliana Mendes', 'vRecepcionista', '123.456.789-01', '(11) 98765-4321'),
(2, 'vCarlos Pereira', 'vRecepcionista', '234.567.890-12', '(11) 98765-4322'),
(3, 'vAna Costa', 'vRecepcionista', '345.678.901-23', '(11) 98765-4323'),
(4, 'vFernanda Lima', 'vRecepcionista', '456.789.012-34', '(11) 98765-4324'),
(5, 'vMarcos Souza', 'vRecepcionista', '567.890.123-45', '(11) 98765-4325'),
(6, 'vLucas Oliveira', 'vRecepcionista', '678.901.234-56', '(11) 98765-4326'),
(7, 'vIsabela Costa', 'vRecepcionista', '789.012.345-67', '(11) 98765-4327'),
(8, 'vPaula Alves', 'vRecepcionista', '890.123.456-78', '(11) 98765-4328'),
(9, 'vRogério Lima', 'vRecepcionista', '901.234.567-89', '(11) 98765-4329'),
(10, 'vCíntia Silva', 'vRecepcionista', '012.345.678-90', '(11) 98765-4330'),
(11, 'vJosé Santos', 'vRecepcionista', '123.456.789-12', '(11) 98765-4331'),
(12, 'vMariana Pereira', 'vRecepcionista', '234.567.890-23', '(11) 98765-4332'),
(13, 'vSimone Costa', 'vRecepcionista', '345.678.901-34', '(11) 98765-4333'),
(14, 'vAmanda Oliveira', 'vRecepcionista', '456.789.012-45', '(11) 98765-4334'),
(15, 'vRicardo Lima', 'vRecepcionista', '567.890.123-56', '(11) 98765-4335'),
(16, 'vGabriela Alves', 'vRecepcionista', '678.901.234-67', '(11) 98765-4336'),
(17, 'vTânia Souza', 'vRecepcionista', '789.012.345-78', '(11) 98765-4337'),
(18, 'vCarla Oliveira', 'vRecepcionista', '890.123.456-89', '(11) 98765-4338'),
(19, 'vFábio Pereira', 'vRecepcionista', '901.234.567-90', '(11) 98765-4339'),
(20, 'vEliane Costa', 'vRecepcionista', '012.345.678-01', '(11) 98765-4340'),
(21, 'vPatrícia Silva', 'vRecepcionista', '123.456.789-13', '(11) 98765-4341'),
(22, 'vVera Souza', 'vRecepcionista', '234.567.890-24', '(11) 98765-4342'),
(23, 'vTiago Lima', 'vRecepcionista', '345.678.901-35', '(11) 98765-4343'),
(24, 'vAline Pereira', 'vRecepcionista', '456.789.012-56', '(11) 98765-4344'),
(25, 'vLarissa Alves', 'vRecepcionista', '567.890.123-67', '(11) 98765-4345'),
(26, 'vEduardo Costa', 'vRecepcionista', '678.901.234-78', '(11) 98765-4346'),
(27, 'vMarcelo Oliveira', 'vRecepcionista', '789.012.345-89', '(11) 98765-4347'),
(28, 'vLuciana Lima', 'vRecepcionista', '890.123.456-90', '(11) 98765-4348'),
(29, 'vJosé Alves', 'vRecepcionista', '901.234.567-01', '(11) 98765-4349'),
(30, 'vPatrícia Lima', 'vRecepcionista', '012.345.678-12', '(11) 98765-4350'),
(31, 'vCristiane Santos', 'vRecepcionista', '123.456.789-14', '(11) 98765-4351'),
(32, 'vSérgio Oliveira', 'vRecepcionista', '234.567.890-25', '(11) 98765-4352'),
(33, 'vAmanda Santos', 'vRecepcionista', '345.678.901-46', '(11) 98765-4353'),
(34, 'vRenato Silva', 'vRecepcionista', '456.789.012-67', '(11) 98765-4354'),
(35, 'vLúcia Costa', 'vRecepcionista', '567.890.123-78', '(11) 98765-4355'),
(36, 'vRogério Alves', 'vRecepcionista', '678.901.234-89', '(11) 98765-4356'),
(37, 'vNádia Lima', 'vRecepcionista', '789.012.345-90', '(11) 98765-4357'),
(38, 'vCássia Oliveira', 'vRecepcionista', '890.123.456-01', '(11) 98765-4358'),
(39, 'vBeto Costa', 'vRecepcionista', '901.234.567-12', '(11) 98765-4359'),
(40, 'vAlessandra Pereira', 'vRecepcionista', '012.345.678-23', '(11) 98765-4360'),
(41, 'vTatiane Souza', 'vRecepcionista', '123.456.789-15', '(11) 98765-4361'),
(42, 'vGiovana Santos', 'vRecepcionista', '234.567.890-26', '(11) 98765-4362'),
(43, 'vWilson Lima', 'vRecepcionista', '345.678.901-57', '(11) 98765-4363'),
(44, 'vKarine Alves', 'vRecepcionista', '456.789.012-78', '(11) 98765-4364'),
(45, 'vZilda Costa', 'vRecepcionista', '567.890.123-89', '(11) 98765-4365'),
(46, 'vAna Silva', 'vRecepcionista', '678.901.234-90', '(11) 98765-4366'),
(47, 'vLéo Pereira', 'vRecepcionista', '789.012.345-01', '(11) 98765-4367'),
(48, 'vRita Souza', 'vRecepcionista', '890.123.456-12', '(11) 98765-4368'),
(49, 'vRita Costa', 'vRecepcionista', '901.234.567-23', '(11) 98765-4369'),
(50, 'vThiago Lima', 'vRecepcionista', '012.345.678-34', '(11) 98765-4370');

INSERT INTO Paciente (nome, cpf, data_nascimento, sexo, telefone, endereco, convenio) VALUES
('vAna Souza', '123.456.789-00', '1980-05-12', 'F', '(11) 91234-5678', 'vRua A, 123', 'vUnimed'),
('vCarlos Silva', '234.567.890-11', '1990-07-22', 'M', '(11) 92345-6789', 'vRua B, 456', 'vBradesco Saúde'),
('vFernanda Lima', '345.678.901-22', '1975-03-18', 'F', '(11) 93456-7890', 'vRua C, 789', 'vSulamérica'),
('vJoão Santos', '456.789.012-33', '2000-01-01', 'M', '(11) 94567-8901', 'vRua D, 101', 'vUnimed'),
('vMaria Oliveira', '567.890.123-44', '1985-06-14', 'F', '(11) 95678-9012', 'vRua E, 202', 'vUnimed'),
('vLucas Ferreira', '678.901.234-55', '1995-09-10', 'M', '(11) 96789-0123', 'vRua F, 303', 'vAmil'),
('vBeatriz Santos', '789.012.345-66', '1988-11-15', 'F', '(11) 97890-1234', 'vRua G, 404', 'vBradesco Saúde'),
('vRoberta Costa', '890.123.456-77', '1992-12-20', 'F', '(11) 98901-2345', 'vRua H, 505', 'vUnimed'),
('vMarcos Pereira', '901.234.567-88', '1987-02-05', 'M', '(11) 99012-3456', 'vRua I, 606', 'vSulamérica'),
('vJuliana Alves', '012.345.678-99', '1999-10-30', 'F', '(11) 90123-4567', 'vRua J, 707', 'vAmil'),
('vRicardo Oliveira', '123.456.789-01', '1982-04-25', 'M', '(11) 91234-5678', 'vRua K, 808', 'vUnimed'),
('vCristiane Lima', '234.567.890-12', '1993-07-18', 'F', '(11) 92345-6789', 'vRua L, 909', 'vBradesco Saúde'),
('vMarcelo Costa', '345.678.901-23', '1979-05-05', 'M', '(11) 93456-7890', 'vRua M, 1010', 'vSulamérica'),
('vGustavo Pereira', '456.789.012-34', '1981-08-12', 'M', '(11) 94567-8901', 'vRua N, 1111', 'vAmil'),
('vLarissa Souza', '567.890.123-45', '1988-02-20', 'F', '(11) 95678-9012', 'vRua O, 1212', 'vUnimed'),
('vFábio Oliveira', '678.901.234-56', '1990-06-07', 'M', '(11) 96789-0123', 'vRua P, 1313', 'vBradesco Saúde'),
('vSimone Costa', '789.012.345-67', '1986-11-10', 'F', '(11) 97890-1234', 'vRua Q, 1414', 'vSulamérica'),
('vMário Pereira', '890.123.456-78', '1992-01-19', 'M', '(11) 98901-2345', 'vRua R, 1515', 'vAmil'),
('vPatrícia Lima', '901.234.567-89', '1978-09-25', 'F', '(11) 99012-3456', 'vRua S, 1616', 'vUnimed'),
('vEduardo Santos', '012.345.678-90', '1994-04-01', 'M', '(11) 90123-4567', 'vRua T, 1717', 'vBradesco Saúde'),
('vLuciana Oliveira', '123.456.789-02', '1983-07-30', 'F', '(11) 91234-5678', 'vRua U, 1818', 'vSulamérica'),
('vRobson Silva', '234.567.890-13', '1991-02-14', 'M', '(11) 92345-6789', 'vRua V, 1919', 'vAmil'),
('vCláudia Pereira', '345.678.901-24', '1990-11-09', 'F', '(11) 93456-7890', 'vRua W, 2020', 'vUnimed'),
('vTiago Souza', '456.789.012-35', '1980-03-22', 'M', '(11) 94567-8901', 'vRua X, 2121', 'vBradesco Saúde'),
('vNádia Costa', '567.890.123-46', '1992-05-15', 'F', '(11) 95678-9012', 'vRua Y, 2222', 'vSulamérica'),
('vRogério Lima', '678.901.234-57', '1989-08-25', 'M', '(11) 96789-0123', 'vRua Z, 2323', 'vAmil'),
('vRenata Oliveira', '789.012.345-68', '1994-02-17', 'F', '(11) 97890-1234', 'vRua AA, 2424', 'vUnimed'),
('vJoana Santos', '890.123.456-79', '1987-06-03', 'F', '(11) 98901-2345', 'vRua BB, 2525', 'vBradesco Saúde'),
('vMário Costa', '901.234.567-01', '1991-12-10', 'M', '(11) 99012-3456', 'vRua CC, 2626', 'vSulamérica'),
('vHeloísa Pereira', '012.345.678-11', '1985-09-29', 'F', '(11) 90123-4567', 'vRua DD, 2727', 'vAmil'),
('vFernando Lima', '123.456.789-03', '1982-07-14', 'M', '(11) 91234-5678', 'vRua EE, 2828', 'vUnimed'),
('vRaquel Oliveira', '234.567.890-14', '1990-11-02', 'F', '(11) 92345-6789', 'vRua FF, 2929', 'vBradesco Saúde'),
('vVinícius Costa', '345.678.901-25', '1989-03-17', 'M', '(11) 93456-7890', 'vRua GG, 3030', 'vSulamérica'),
('vAlice Souza', '456.789.012-36', '1988-12-12', 'F', '(11) 94567-8901', 'vRua HH, 3131', 'vAmil'),
('vEdson Lima', '567.890.123-57', '1992-02-22', 'M', '(11) 95678-9012', 'vRua II, 3232', 'vUnimed'),
('vSandra Pereira', '678.901.234-68', '1980-05-30', 'F', '(11) 96789-0123', 'vRua JJ, 3333', 'vBradesco Saúde'),
('vDiego Costa', '789.012.345-79', '1985-07-01', 'M', '(11) 97890-1234', 'vRua KK, 3434', 'vSulamérica'),
('vAna Oliveira', '890.123.456-80', '1991-01-25', 'F', '(11) 98901-2345', 'vRua LL, 3535', 'vAmil'),
('vSérgio Pereira', '901.234.567-02', '1986-04-18', 'M', '(11) 99012-3456', 'vRua MM, 3636', 'vUnimed'),
('vLuciano Silva', '012.345.678-22', '1988-10-05', 'M', '(11) 90123-4567', 'vRua NN, 3737', 'vBradesco Saúde'),
('vGisele Costa', '123.456.789-04', '1994-01-13', 'F', '(11) 91234-5678', 'vRua OO, 3838', 'vSulamérica'),
('vAlan Lima', '234.567.890-15', '1989-09-09', 'M', '(11) 92345-6789', 'vRua PP, 3939', 'vAmil'),
('vFabiana Pereira', '345.678.901-26', '1981-11-15', 'F', '(11) 93456-7890', 'vRua QQ, 4040', 'vUnimed'),
('vRafael Souza', '456.789.012-47', '1992-08-17', 'M', '(11) 94567-8901', 'vRua RR, 4141', 'vBradesco Saúde'),
('vCláudia Santos', '567.890.123-58', '1990-06-28', 'F', '(11) 95678-9012', 'vRua SS, 4242', 'vSulamérica'),
('vVinícius Oliveira', '678.901.234-69', '1994-10-23', 'M', '(11) 96789-0123', 'vRua TT, 4343', 'vAmil'),
('vEliana Pereira', '789.012.345-80', '1983-12-11', 'F', '(11) 97890-1234', 'vRua UU, 4444', 'vUnimed'),
('vJoão Costa', '890.123.456-91', '1989-05-17', 'M', '(11) 98901-2345', 'vRua VV, 4545', 'vBradesco Saúde'),
('vAndré Silva', '901.234.567-13', '1991-04-09', 'M', '(11) 99012-3456', 'vRua WW, 4646', 'vSulamérica'),
('vRaíssa Lima', '012.345.678-33', '1984-02-07', 'F', '(11) 90123-4567', 'vRua XX, 4747', 'vAmil'),
('vDaniela Souza', '123.456.789-05', '1995-01-19', 'F', '(11) 91234-5678', 'vRua YY, 4848', 'vUnimed'),
('vAlessandra Oliveira', '234.567.890-16', '1986-07-13', 'F', '(11) 92345-6789', 'vRua ZZ, 4949', 'vBradesco Saúde');

INSERT INTO Medico (nome, especialidade) VALUES
('vDr. João Silva', 'vCardiologia'),
('vDr. Maria Oliveira', 'vDermatologia'),
('vDr. Pedro Costa', 'vOrtopedia'),
('vDr. Ana Souza', 'vGinecologia'),
('vDr. Carlos Lima', 'vOftalmologia'),
('vDr. Beatriz Pereira', 'vPediatria'),
('vDr. Renato Santos', 'vNeurologia'),
('vDr. Claudia Alves', 'vPsiquiatria'),
('vDr. Lucas Oliveira', 'vEndocrinologia'),
('vDr. Fernanda Costa', 'vClínico Geral'),
('vDr. Marcos Lima', 'vOncologia'),
('vDr. Paula Pereira', 'vCirurgia Geral'),
('vDr. Felipe Souza', 'vNefrologia'),
('vDr. Gabriela Costa', 'vUrologia'),
('vDr. Eduardo Lima', 'vGeriatria'),
('vDr. Simone Pereira', 'vAnestesiologia'),
('vDr. Thiago Oliveira', 'vGastroenterologia'),
('vDr. Larissa Costa', 'vInfectologia'),
('vDr. Rafael Pereira', 'vOtorrinolaringologia'),
('vDr. Juliana Silva', 'vReumatologia'),
('vDr. Tiago Lima', 'vFisiatria'),
('vDr. Daniela Souza', 'vAlergologia'),
('vDr. Alan Oliveira', 'vRadiologia'),
('vDr. Fábio Costa', 'vCirurgia Plástica'),
('vDr. Carla Pereira', 'vDermatologia'),
('vDr. André Lima', 'vCirurgia Torácica'),
('vDr. Rogério Costa', 'vNefrologia'),
('vDr. Patricia Pereira', 'vEndocrinologia'),
('vDr. Gustavo Souza', 'vMedicina de Família'),
('vDr. Vanessa Lima', 'vGinecologia e Obstetrícia'),
('vDr. Roberta Costa', 'vCardiologia'),
('vDr. Sérgio Oliveira', 'vClínico Geral'),
('vDr. Karine Pereira', 'vPediatria'),
('vDr. Robson Lima', 'vNeurologia'),
('vDr. Eliane Costa', 'vPsicologia'),
('vDr. Marcos Pereira', 'vFisioterapia'),
('vDr. Simone Silva', 'vAnestesiologia'),
('vDr. Luis Oliveira', 'vOrtopedia'),
('vDr. Leonardo Costa', 'vOftalmologia'),
('vDr. Vânia Souza', 'vGastroenterologia'),
('vDr. Silvana Pereira', 'vInfectologia'),
('vDr. Adriano Lima', 'vCirurgia Geral'),
('vDr. Andreia Souza', 'vGeriatria'),
('vDr. Patricia Lima', 'vFisiatria'),
('vDr. Paula Lima', 'vUrologia'),
('vDr. Vinícius Pereira', 'vPsiquiatria'),
('vDr. Isabel Costa', 'vNefrologia'),
('vDr. Carla Souza', 'vOftalmologia'),
('vDr. Júlio Lima', 'vCardiologia'),
('vDr. Valéria Pereira', 'vClínico Geral'),
('vDr. João Costa', 'vCirurgia Torácica');

INSERT INTO Unidade_Internacao (nome_unidade) VALUES
('vUnidade A'),
('vUnidade B'),
('vUnidade C'),
('vUnidade D'),
('vUnidade E'),
('vUnidade F'),
('vUnidade G'),
('vUnidade H'),
('vUnidade I'),
('vUnidade J'),
('vUnidade K'),
('vUnidade L'),
('vUnidade M'),
('vUnidade N'),
('vUnidade O'),
('vUnidade P'),
('vUnidade Q'),
('vUnidade R'),
('vUnidade S'),
('vUnidade T'),
('vUnidade U'),
('vUnidade V'),
('vUnidade W'),
('vUnidade X'),
('vUnidade Y'),
('vUnidade Z'),
('vUnidade AA'),
('vUnidade AB'),
('vUnidade AC'),
('vUnidade AD'),
('vUnidade AE'),
('vUnidade AF'),
('vUnidade AG'),
('vUnidade AH'),
('vUnidade AI'),
('vUnidade AJ'),
('vUnidade AK'),
('vUnidade AL'),
('vUnidade AM'),
('vUnidade AN'),
('vUnidade AO'),
('vUnidade AP'),
('vUnidade AQ'),
('vUnidade AR'),
('vUnidade AS'),
('vUnidade AT'),
('vUnidade AU'),
('vUnidade AV'),
('vUnidade AW'),
('vUnidade AX'),
('vUnidade AY'),
('vUnidade AZ');

INSERT INTO Atendimento (paciente_id, data, motivo) VALUES
(1, '2025-06-10 08:30:00', 'vConsulta de rotina'),
(2, '2025-06-10 09:00:00', 'vEmergência com dor no peito'),
(3, '2025-06-10 10:00:00', 'vConsulta de retorno após cirurgia'),
(4, '2025-06-10 11:00:00', 'vDor abdominal intensa'),
(5, '2025-06-10 12:00:00', 'vConsulta pré-operatória'),
(6, '2025-06-10 13:00:00', 'vAcompanhamento de hipertensão'),
(7, '2025-06-10 14:00:00', 'vDor nas articulações'),
(8, '2025-06-10 15:00:00', 'vConsulta pediátrica de rotina'),
(9, '2025-06-10 16:00:00', 'vAcompanhamento de diabetes'),
(10, '2025-06-10 17:00:00', 'vConsulta dermatológica'),
(11, '2025-06-11 08:30:00', 'vUrgência com febre alta'),
(12, '2025-06-11 09:00:00', 'vConsulta pós-cirúrgica'),
(13, '2025-06-11 10:00:00', 'vAcompanhamento de doenças respiratórias'),
(14, '2025-06-11 11:00:00', 'vConsulta ginecológica'),
(15, '2025-06-11 12:00:00', 'vRevisão de exames laboratoriais'),
(16, '2025-06-11 13:00:00', 'vConsulta de alergias respiratórias'),
(17, '2025-06-11 14:00:00', 'vTratamento de infecção urinária'),
(18, '2025-06-11 15:00:00', 'vConsulta ortopédica'),
(19, '2025-06-11 16:00:00', 'vConsulta de controle de peso'),
(20, '2025-06-11 17:00:00', 'vAcompanhamento de problemas de coluna'),
(21, '2025-06-12 08:30:00', 'vTratamento de dor de cabeça crônica'),
(22, '2025-06-12 09:00:00', 'vConsulta oftalmológica'),
(23, '2025-06-12 10:00:00', 'vExame de controle de pressão arterial'),
(24, '2025-06-12 11:00:00', 'vAvaliação psicológica'),
(25, '2025-06-12 12:00:00', 'vConsulta pediátrica de rotina'),
(26, '2025-06-12 13:00:00', 'vAcompanhamento de doenças autoimunes'),
(27, '2025-06-12 14:00:00', 'vConsulta de retorno pós-cirurgia'),
(28, '2025-06-12 15:00:00', 'vTratamento de obesidade'),
(29, '2025-06-12 16:00:00', 'vConsulta de urgência ginecológica'),
(30, '2025-06-12 17:00:00', 'vConsulta dermatológica'),
(31, '2025-06-13 08:30:00', 'vExame de colesterol e triglicerídeos'),
(32, '2025-06-13 09:00:00', 'vAcompanhamento de pressão arterial'),
(33, '2025-06-13 10:00:00', 'vConsulta ortopédica de rotina'),
(34, '2025-06-13 11:00:00', 'vEmergência com dor abdominal'),
(35, '2025-06-13 12:00:00', 'vExame de controle de diabetes'),
(36, '2025-06-13 13:00:00', 'vConsulta ginecológica'),
(37, '2025-06-13 14:00:00', 'vTratamento para perda de cabelo'),
(38, '2025-06-13 15:00:00', 'vConsulta de controle de colesterol'),
(39, '2025-06-13 16:00:00', 'vConsulta de retorno após exame'),
(40, '2025-06-13 17:00:00', 'vConsulta pré-operatória'),
(41, '2025-06-14 08:30:00', 'vAcompanhamento de artrite'),
(42, '2025-06-14 09:00:00', 'vExame de controle de HIV'),
(43, '2025-06-14 10:00:00', 'vConsulta oftalmológica de rotina'),
(44, '2025-06-14 11:00:00', 'vConsulta dermatológica'),
(45, '2025-06-14 12:00:00', 'vAcompanhamento de transtornos alimentares'),
(46, '2025-06-14 13:00:00', 'vConsulta pós-operatória de ortopedia'),
(47, '2025-06-14 14:00:00', 'vAcompanhamento de depressão'),
(48, '2025-06-14 15:00:00', 'vTratamento para insônia'),
(49, '2025-06-14 16:00:00', 'vExame de controle de anemia'),
(50, '2025-06-14 17:00:00', 'vConsulta de urgência com dor de cabeça');

INSERT INTO Funcionario_Recepcao (atendimento_id, nome, cargo, cpf, telefone) VALUES
(1, 'vTatiane Oliveira', 'vRecepcionista', '123.456.789-01', '(11) 91234-5678'),
(2, 'vCássia Costa', 'vRecepcionista', '234.567.890-12', '(11) 92345-6789'),
(3, 'vMário Souza', 'vRecepcionista', '345.678.901-23', '(11) 93456-7890'),
(4, 'vRogério Lima', 'vRecepcionista', '456.789.012-34', '(11) 94567-8901'),
(5, 'vFábio Pereira', 'vRecepcionista', '567.890.123-45', '(11) 95678-9012'),
(6, 'vJuliana Costa', 'vRecepcionista', '678.901.234-56', '(11) 96789-0123'),
(7, 'vRenata Souza', 'vRecepcionista', '789.012.345-67', '(11) 97890-1234'),
(8, 'vEduardo Lima', 'vRecepcionista', '890.123.456-78', '(11) 98901-2345'),
(9, 'vCristiane Pereira', 'vRecepcionista', '901.234.567-89', '(11) 99012-3456'),
(10, 'vAna Costa', 'vRecepcionista', '012.345.678-01', '(11) 90123-4567'),
(11, 'vRicardo Lima', 'vRecepcionista', '123.456.789-02', '(11) 91234-5678'),
(12, 'vLuciana Pereira', 'vRecepcionista', '234.567.890-13', '(11) 92345-6789'),
(13, 'vSérgio Oliveira', 'vRecepcionista', '345.678.901-24', '(11) 93456-7890'),
(14, 'vMariana Souza', 'vRecepcionista', '456.789.012-35', '(11) 94567-8901'),
(15, 'vAna Beatriz Costa', 'vRecepcionista', '567.890.123-56', '(11) 95678-9012'),
(16, 'vBruna Lima', 'vRecepcionista', '678.901.234-67', '(11) 96789-0123'),
(17, 'vMarcelo Pereira', 'vRecepcionista', '789.012.345-78', '(11) 97890-1234'),
(18, 'vRoberta Costa', 'vRecepcionista', '890.123.456-89', '(11) 98901-2345'),
(19, 'vTatiane Souza', 'vRecepcionista', '901.234.567-01', '(11) 99012-3456'),
(20, 'vJosé Lima', 'vRecepcionista', '012.345.678-12', '(11) 90123-4567'),
(21, 'vAline Costa', 'vRecepcionista', '123.456.789-03', '(11) 91234-5678'),
(22, 'vGustavo Souza', 'vRecepcionista', '234.567.890-14', '(11) 92345-6789'),
(23, 'vCatarina Oliveira', 'vRecepcionista', '345.678.901-25', '(11) 93456-7890'),
(24, 'vRicardo Pereira', 'vRecepcionista', '456.789.012-46', '(11) 94567-8901'),
(25, 'vIsabela Costa', 'vRecepcionista', '567.890.123-67', '(11) 95678-9012'),
(26, 'vBruna Souza', 'vRecepcionista', '678.901.234-78', '(11) 96789-0123'),
(27, 'vJosé Pereira', 'vRecepcionista', '789.012.345-89', '(11) 97890-1234'),
(28, 'vRodrigo Lima', 'vRecepcionista', '890.123.456-90', '(11) 98901-2345'),
(29, 'vFlávia Costa', 'vRecepcionista', '901.234.567-02', '(11) 99012-3456'),
(30, 'vMariana Lima', 'vRecepcionista', '012.345.678-23', '(11) 90123-4567'),
(31, 'vRicardo Costa', 'vRecepcionista', '123.456.789-04', '(11) 91234-5678'),
(32, 'vMárcia Souza', 'vRecepcionista', '234.567.890-15', '(11) 92345-6789'),
(33, 'vFábio Lima', 'vRecepcionista', '345.678.901-36', '(11) 93456-7890'),
(34, 'vSabrina Pereira', 'vRecepcionista', '456.789.012-57', '(11) 94567-8901'),
(35, 'vRicardo Souza', 'vRecepcionista', '567.890.123-78', '(11) 95678-9012'),
(36, 'vFernanda Costa', 'vRecepcionista', '678.901.234-89', '(11) 96789-0123'),
(37, 'vVera Lima', 'vRecepcionista', '789.012.345-90', '(11) 97890-1234'),
(38, 'vEliane Costa', 'vRecepcionista', '890.123.456-01', '(11) 98901-2345'),
(39, 'vFelipe Pereira', 'vRecepcionista', '901.234.567-13', '(11) 99012-3456'),
(40, 'vAline Oliveira', 'vRecepcionista', '012.345.678-34', '(11) 90123-4567'),
(41, 'vRoberta Souza', 'vRecepcionista', '123.456.789-05', '(11) 91234-5678'),
(42, 'vAndré Lima', 'vRecepcionista', '234.567.890-16', '(11) 92345-6789'),
(43, 'vLuciana Costa', 'vRecepcionista', '345.678.901-47', '(11) 93456-7890'),
(44, 'vFabiana Lima', 'vRecepcionista', '456.789.012-68', '(11) 94567-8901'),
(45, 'vCarla Souza', 'vRecepcionista', '567.890.123-89', '(11) 95678-9012'),
(46, 'vTatiane Pereira', 'vRecepcionista', '678.901.234-90', '(11) 96789-0123'),
(47, 'vAna Costa', 'vRecepcionista', '789.012.345-01', '(11) 97890-1234'),
(48, 'vMarcelo Oliveira', 'vRecepcionista', '890.123.456-12', '(11) 98901-2345'),
(49, 'vSimone Lima', 'vRecepcionista', '901.234.567-24', '(11) 99012-3456'),
(50, 'vRobson Costa', 'vRecepcionista', '012.345.678-45', '(11) 90123-4567');

INSERT INTO Agendamento (funcionario_id, paciente_id, data_agendamento, tipo_consulta, status) VALUES
(1, 1, '2025-06-15 08:00:00', 'vConsulta de rotina', 'vConfirmado'),
(2, 2, '2025-06-15 09:00:00', 'vEmergência com dor no peito', 'vConfirmado'),
(3, 3, '2025-06-15 10:00:00', 'vConsulta de retorno após cirurgia', 'vConfirmado'),
(4, 4, '2025-06-15 11:00:00', 'vDor abdominal intensa', 'vConfirmado'),
(5, 5, '2025-06-15 12:00:00', 'vConsulta pré-operatória', 'vConfirmado'),
(6, 6, '2025-06-15 13:00:00', 'vAcompanhamento de hipertensão', 'vConfirmado'),
(7, 7, '2025-06-15 14:00:00', 'vDor nas articulações', 'vConfirmado'),
(8, 8, '2025-06-15 15:00:00', 'vConsulta pediátrica de rotina', 'vConfirmado'),
(9, 9, '2025-06-15 16:00:00', 'vAcompanhamento de diabetes', 'vConfirmado'),
(10, 10, '2025-06-15 17:00:00', 'vConsulta dermatológica', 'vConfirmado'),
(11, 11, '2025-06-16 08:00:00', 'vUrgência com febre alta', 'vConfirmado'),
(12, 12, '2025-06-16 09:00:00', 'vConsulta pós-cirúrgica', 'vConfirmado'),
(13, 13, '2025-06-16 10:00:00', 'vAcompanhamento de doenças respiratórias', 'vConfirmado'),
(14, 14, '2025-06-16 11:00:00', 'vConsulta ginecológica', 'vConfirmado'),
(15, 15, '2025-06-16 12:00:00', 'vRevisão de exames laboratoriais', 'vConfirmado'),
(16, 16, '2025-06-16 13:00:00', 'vConsulta de alergias respiratórias', 'vConfirmado'),
(17, 17, '2025-06-16 14:00:00', 'vTratamento de infecção urinária', 'vConfirmado'),
(18, 18, '2025-06-16 15:00:00', 'vConsulta ortopédica', 'vConfirmado'),
(19, 19, '2025-06-16 16:00:00', 'vConsulta de controle de peso', 'vConfirmado'),
(20, 20, '2025-06-16 17:00:00', 'vAcompanhamento de problemas de coluna', 'vConfirmado'),
(21, 21, '2025-06-17 08:00:00', 'vTratamento de dor de cabeça crônica', 'vConfirmado'),
(22, 22, '2025-06-17 09:00:00', 'vConsulta oftalmológica', 'vConfirmado'),
(23, 23, '2025-06-17 10:00:00', 'vExame de controle de pressão arterial', 'vConfirmado'),
(24, 24, '2025-06-17 11:00:00', 'vAvaliação psicológica', 'vConfirmado'),
(25, 25, '2025-06-17 12:00:00', 'vConsulta pediátrica de rotina', 'vConfirmado'),
(26, 26, '2025-06-17 13:00:00', 'vAcompanhamento de doenças autoimunes', 'vConfirmado'),
(27, 27, '2025-06-17 14:00:00', 'vConsulta de retorno pós-cirurgia', 'vConfirmado'),
(28, 28, '2025-06-17 15:00:00', 'vTratamento de obesidade', 'vConfirmado'),
(29, 29, '2025-06-17 16:00:00', 'vConsulta de urgência ginecológica', 'vConfirmado'),
(30, 30, '2025-06-17 17:00:00', 'vConsulta dermatológica', 'vConfirmado'),
(31, 31, '2025-06-18 08:00:00', 'vExame de colesterol e triglicerídeos', 'vConfirmado'),
(32, 32, '2025-06-18 09:00:00', 'vAcompanhamento de pressão arterial', 'vConfirmado'),
(33, 33, '2025-06-18 10:00:00', 'vConsulta ortopédica de rotina', 'vConfirmado'),
(34, 34, '2025-06-18 11:00:00', 'vEmergência com dor abdominal', 'vConfirmado'),
(35, 35, '2025-06-18 12:00:00', 'vExame de controle de diabetes', 'vConfirmado'),
(36, 36, '2025-06-18 13:00:00', 'vConsulta ginecológica', 'vConfirmado'),
(37, 37, '2025-06-18 14:00:00', 'vTratamento para perda de cabelo', 'vConfirmado'),
(38, 38, '2025-06-18 15:00:00', 'vConsulta de controle de colesterol', 'vConfirmado'),
(39, 39, '2025-06-18 16:00:00', 'vConsulta de retorno após exame', 'vConfirmado'),
(40, 40, '2025-06-18 17:00:00', 'vConsulta pré-operatória', 'vConfirmado'),
(41, 41, '2025-06-19 08:00:00', 'vAcompanhamento de artrite', 'vConfirmado'),
(42, 42, '2025-06-19 09:00:00', 'vExame de controle de HIV', 'vConfirmado'),
(43, 43, '2025-06-19 10:00:00', 'vConsulta oftalmológica de rotina', 'vConfirmado'),
(44, 44, '2025-06-19 11:00:00', 'vConsulta dermatológica', 'vConfirmado'),
(45, 45, '2025-06-19 12:00:00', 'vAcompanhamento de transtornos alimentares', 'vConfirmado'),
(46, 46, '2025-06-19 13:00:00', 'vConsulta pós-operatória de ortopedia', 'vConfirmado'),
(47, 47, '2025-06-19 14:00:00', 'vAcompanhamento de depressão', 'vConfirmado'),
(48, 48, '2025-06-19 15:00:00', 'vTratamento para insônia', 'vConfirmado'),
(49, 49, '2025-06-19 16:00:00', 'vExame de controle de anemia', 'vConfirmado'),
(50, 50, '2025-06-19 17:00:00', 'vConsulta de urgência com dor de cabeça', 'vConfirmado');

INSERT INTO Consulta (medico_id, paciente_id, data, diagnostico) VALUES
(1, 1, '2025-06-20 08:00:00', 'vHipertensão arterial leve'),
(2, 2, '2025-06-20 09:00:00', 'vDermatite atópica'),
(3, 3, '2025-06-20 10:00:00', 'vFratura de fêmur'),
(4, 4, '2025-06-20 11:00:00', 'vGastrite aguda'),
(5, 5, '2025-06-20 12:00:00', 'vPré-operatório para cirurgia de vesícula'),
(6, 6, '2025-06-20 13:00:00', 'vControle de hipertensão'),
(7, 7, '2025-06-20 14:00:00', 'vArtrite reumatoide'),
(8, 8, '2025-06-20 15:00:00', 'vInfecção respiratória superior'),
(9, 9, '2025-06-20 16:00:00', 'vDiabetes tipo 2'),
(10, 10, '2025-06-20 17:00:00', 'vMelanoma'),
(11, 11, '2025-06-21 08:00:00', 'vFebre alta associada a calafrios'),
(12, 12, '2025-06-21 09:00:00', 'vCicatrização pós-cirúrgica'),
(13, 13, '2025-06-21 10:00:00', 'vInfecção de vias respiratórias'),
(14, 14, '2025-06-21 11:00:00', 'vProblemas ginecológicos'),
(15, 15, '2025-06-21 12:00:00', 'vExames de rotina alterados'),
(16, 16, '2025-06-21 13:00:00', 'vAlergia respiratória'),
(17, 17, '2025-06-21 14:00:00', 'vInfecção urinária'),
(18, 18, '2025-06-21 15:00:00', 'vLesão articular'),
(19, 19, '2025-06-21 16:00:00', 'vControle de peso'),
(20, 20, '2025-06-21 17:00:00', 'vColuna vertebral com problemas degenerativos'),
(21, 21, '2025-06-22 08:00:00', 'vEnxaqueca crônica'),
(22, 22, '2025-06-22 09:00:00', 'vVisita oftalmológica de rotina'),
(23, 23, '2025-06-22 10:00:00', 'vExame de colesterol elevado'),
(24, 24, '2025-06-22 11:00:00', 'vDepressão moderada'),
(25, 25, '2025-06-22 12:00:00', 'vControle de diabetes'),
(26, 26, '2025-06-22 13:00:00', 'vDoença autoimune diagnosticada'),
(27, 27, '2025-06-22 14:00:00', 'vCicatrização pós-operatória'),
(28, 28, '2025-06-22 15:00:00', 'vControle de obesidade'),
(29, 29, '2025-06-22 16:00:00', 'vProblemas ginecológicos'),
(30, 30, '2025-06-22 17:00:00', 'vDiagnóstico de melanoma'),
(31, 31, '2025-06-23 08:00:00', 'vExame de triglicerídeos'),
(32, 32, '2025-06-23 09:00:00', 'vPressão arterial elevada'),
(33, 33, '2025-06-23 10:00:00', 'vFratura de braço'),
(34, 34, '2025-06-23 11:00:00', 'vInfecção gastrointestinal'),
(35, 35, '2025-06-23 12:00:00', 'vExame de sangue alterado'),
(36, 36, '2025-06-23 13:00:00', 'vTratamento de queda de cabelo'),
(37, 37, '2025-06-23 14:00:00', 'vHipotensão ortostática'),
(38, 38, '2025-06-23 15:00:00', 'vExame oftalmológico'),
(39, 39, '2025-06-23 16:00:00', 'vColesterol alto'),
(40, 40, '2025-06-23 17:00:00', 'vControle de diabetes tipo 2'),
(41, 41, '2025-06-24 08:00:00', 'vHipotireoidismo leve'),
(42, 42, '2025-06-24 09:00:00', 'vEczema alérgico'),
(43, 43, '2025-06-24 10:00:00', 'vLuxação do ombro'),
(44, 44, '2025-06-24 11:00:00', 'vCólica renal'),
(45, 45, '2025-06-24 12:00:00', 'vPré-operatório para remoção de cisto'),
(46, 46, '2025-06-24 13:00:00', 'vControle de asma'),
(47, 47, '2025-06-24 14:00:00', 'vFratura no tornozelo'),
(48, 48, '2025-06-24 15:00:00', 'vSinusite crônica'),
(49, 49, '2025-06-24 16:00:00', 'vHérnia de disco lombar'),
(50, 50, '2025-06-24 17:00:00', 'vAcne severa');


INSERT INTO Visita (paciente_id, data_visita, nome_visitante, relacionamento_visitante) VALUES
(1, '2025-06-20', 'vCarlos Souza', 'vPai'),
(2, '2025-06-20', 'vAna Pereira', 'vEsposa'),
(3, '2025-06-20', 'vLuciana Silva', 'vFilha'),
(4, '2025-06-20', 'vJoão Costa', 'vAmigo'),
(5, '2025-06-20', 'vMaria Lima', 'vMãe'),
(6, '2025-06-20', 'vEduardo Ferreira', 'vIrmão'),
(7, '2025-06-20', 'vSofia Costa', 'vEsposa'),
(8, '2025-06-20', 'vRita Oliveira', 'vTia'),
(9, '2025-06-20', 'vFelipe Souza', 'vAmigo'),
(10, '2025-06-20', 'vClaudia Pereira', 'vFilha'),
(11, '2025-06-21', 'vMarcelo Lima', 'vPai'),
(12, '2025-06-21', 'vRenata Costa', 'vEsposa'),
(13, '2025-06-21', 'vPedro Oliveira', 'vAmigo'),
(14, '2025-06-21', 'vMarina Silva', 'vIrmã'),
(15, '2025-06-21', 'vCamila Costa', 'vFilha'),
(16, '2025-06-21', 'vAndré Pereira', 'vPai'),
(17, '2025-06-21', 'vLucas Souza', 'vAmigo'),
(18, '2025-06-21', 'vCarla Lima', 'vEsposa'),
(19, '2025-06-21', 'vJoana Pereira', 'vFilha'),
(20, '2025-06-21', 'vFábio Costa', 'vIrmão'),
(21, '2025-06-22', 'vMariana Souza', 'vMãe'),
(22, '2025-06-22', 'vDaniela Lima', 'vEsposa'),
(23, '2025-06-22', 'vCarlos Pereira', 'vAmigo'),
(24, '2025-06-22', 'vPriscila Costa', 'vIrmã'),
(25, '2025-06-22', 'vAmanda Souza', 'vFilha'),
(26, '2025-06-22', 'vRenato Lima', 'vEsposo'),
(27, '2025-06-22', 'vSimone Oliveira', 'vAmiga'),
(28, '2025-06-22', 'vJuliana Costa', 'vMãe'),
(29, '2025-06-22', 'vTatiane Souza', 'vIrmã'),
(30, '2025-06-22', 'vGiovanni Lima', 'vPai'),
(31, '2025-06-23', 'vBeatriz Pereira', 'vEsposa'),
(32, '2025-06-23', 'vRicardo Costa', 'vAmigo'),
(33, '2025-06-23', 'vEduarda Lima', 'vMãe'),
(34, '2025-06-23', 'vFernando Souza', 'vPai'),
(35, '2025-06-23', 'vSabrina Oliveira', 'vIrmã'),
(36, '2025-06-23', 'vPedro Lima', 'vFilho'),
(37, '2025-06-23', 'vMariana Pereira', 'vAmiga'),
(38, '2025-06-23', 'vViviane Costa', 'vMãe'),
(39, '2025-06-23', 'vGustavo Souza', 'vPai'),
(40, '2025-06-23', 'vLuciana Oliveira', 'vIrmã'),
(41, '2025-06-24', 'vGustavo Lima', 'vAmigo'),
(42, '2025-06-24', 'vRicardo Pereira', 'vEsposo'),
(43, '2025-06-24', 'vTatiane Costa', 'vAmiga'),
(44, '2025-06-24', 'vVerônica Souza', 'vFilha'),
(45, '2025-06-24', 'vCláudia Lima', 'vEsposa'),
(46, '2025-06-24', 'vSimone Pereira', 'vMãe'),
(47, '2025-06-24', 'vRodrigo Costa', 'vPai'),
(48, '2025-06-24', 'vLaura Souza', 'vFilha'),
(49, '2025-06-24', 'vHélio Oliveira', 'vAmigo'),
(50, '2025-06-24', 'vMarcela Lima', 'vIrmã');

